<faceschart><chartdata><background>White</background><![CDATA[Customer Profit Position]]><xlabel>Margin</xlabel><ylabel>Sales</ylabel><xfrom>-20</xfrom><xto>30</xto><yfrom>0</yfrom><yto>7000000</yto><xdiv>5</xdiv><ydiv>7</ydiv><root>www.v2c.co.uk</root><action>page.asp</action></chartdata><keys><key><id>colour</id><title>Sales Choice</title><items><item><label>Expand</label><shape>square</shape><colour>green</colour></item><item><label>Hold</label><shape>square</shape><colour>orange</colour></item><item><label>Divest</label><shape>square</shape><colour>red</colour></item></items></key><key><id>shape</id><title>Market Sector</title><items><item><label>Retail</label><shape>square</shape><colour>grey</colour></item><item><label>Housebuild</label><shape>lozenge</shape><colour>grey</colour></item><item><label>Contract</label><shape>triangle</shape><colour>grey</colour></item><item><label>OEM</label><shape>circle</shape><colour>grey</colour></item></items></key><key><id>mouths</id><title>Sales Outlook</title><items><item><label>Decreasing</label><shape>mouth_1</shape><colour></colour></item><item><label>Slightly Decreasing</label><shape>mouth_2</shape><colour></colour></item><item><label>Flat</label><shape>mouth_3</shape><colour></colour></item><item><label>Slightly Increasing</label><shape>mouth_4</shape><colour></colour></item><item><label>Increasing</label><shape>mouth_5</shape><colour></colour></item></items></key><key><id>eyes</id><title>Market Clarity</title><items><item><label>Poor</label><shape>eyes_1</shape></item><item><label>Fair</label><shape>eyes_2</shape></item><item><label>Average</label><shape>eyes_3</shape></item><item><label>Good </label><shape>eyes_4</shape></item><item><label>Excellent</label><shape>eyes_5</shape></item></items></key></keys><faces><face><title><![CDATA[Kitchens]]></title><eyes>3</eyes><mouth>1</mouth><xpos>-18</xpos><ypos>430098</ypos><xfuture>-18</xfuture><yfuture>430098</yfuture><colour>orange</colour><shape>square</shape></face><face><title><![CDATA[Bathrooms]]></title><eyes>3</eyes><mouth>2</mouth><xpos>11</xpos><ypos>1138799</ypos><xfuture>11</xfuture><yfuture>1138799</yfuture><colour>green</colour><shape>square</shape></face><face><title><![CDATA[ECC]]></title><eyes>3</eyes><mouth>5</mouth><xpos>0</xpos><ypos>0</ypos><xfuture>0</xfuture><yfuture>0</yfuture><colour>green</colour><shape>square</shape></face><face><title><![CDATA[Bathrooms]]></title><eyes>3</eyes><mouth>4</mouth><xpos>25</xpos><ypos>1702653</ypos><xfuture>25</xfuture><yfuture>1702653</yfuture><colour>green</colour><shape>circle</shape></face><face><title><![CDATA[Bedroom Hotel]]></title><eyes>4</eyes><mouth>4</mouth><xpos>15</xpos><ypos>375350</ypos><xfuture>15</xfuture><yfuture>1150000</yfuture><colour>orange</colour><shape>triangle</shape></face><face><title><![CDATA[Bedroom Single Living]]></title><eyes>3</eyes><mouth>5</mouth><xpos>-11</xpos><ypos>3983424</ypos><xfuture>-9</xfuture><yfuture>2750000</yfuture><colour>orange</colour><shape>triangle</shape></face><face><title><![CDATA[Kitchens]]></title><eyes>4</eyes><mouth>2</mouth><xpos>-12</xpos><ypos>1608783</ypos><xfuture>-12</xfuture><yfuture>1608783</yfuture><colour>orange</colour><shape>triangle</shape></face><face><title><![CDATA[School]]></title><eyes>2</eyes><mouth>2</mouth><xpos>-2</xpos><ypos>945472</ypos><xfuture>-5</xfuture><yfuture>800000</yfuture><colour>red</colour><shape>triangle</shape></face><face><title><![CDATA[Kitchens]]></title><eyes>3</eyes><mouth>5</mouth><xpos>7</xpos><ypos>6448615</ypos><xfuture>7</xfuture><yfuture>6448615</yfuture><colour>orange</colour><shape>lozenge</shape></face></faces></faceschart>
